{
  "scan_timestamp": "2025-06-08T17:26:31.707636",
  "projects": [
    {
      "name": "client",
      "path": "/home/runner/workspace/client",
      "type": "unknown",
      "description": "",
      "files": [],
      "complexity_indicators": {
        "cognitive_load": 0,
        "visual_dependency": 0,
        "language_complexity": 0,
        "workflow_complexity": 0
      },
      "technologies": [],
      "documentation": [],
      "estimated_size": "large",
      "last_modified": "2025-04-02T23:23:50.416733",
      "file_count": 97,
      "total_lines": 17484
    },
    {
      "name": "server",
      "path": "/home/runner/workspace/server",
      "type": "unknown",
      "description": "",
      "files": [],
      "complexity_indicators": {
        "cognitive_load": 0,
        "visual_dependency": 0,
        "language_complexity": 0,
        "workflow_complexity": 0
      },
      "technologies": [],
      "documentation": [],
      "estimated_size": "large",
      "last_modified": "2025-06-08T13:27:47.909398",
      "file_count": 132,
      "total_lines": 56137
    },
    {
      "name": "shared",
      "path": "/home/runner/workspace/shared",
      "type": "unknown",
      "description": "",
      "files": [],
      "complexity_indicators": {
        "cognitive_load": 0,
        "visual_dependency": 0,
        "language_complexity": 0,
        "workflow_complexity": 0
      },
      "technologies": [],
      "documentation": [],
      "estimated_size": "small",
      "last_modified": "2025-06-08T04:17:02.910784",
      "file_count": 7,
      "total_lines": 1034
    },
    {
      "name": "node_modules",
      "path": "/home/runner/workspace/node_modules",
      "type": "unknown",
      "description": "",
      "files": [],
      "complexity_indicators": {
        "cognitive_load": 0,
        "visual_dependency": 0,
        "language_complexity": 0,
        "workflow_complexity": 0
      },
      "technologies": [],
      "documentation": [],
      "estimated_size": "small",
      "last_modified": "2025-06-06T04:20:29.786843",
      "file_count": 0,
      "total_lines": 0
    },
    {
      "name": "attached_assets",
      "path": "/home/runner/workspace/attached_assets",
      "type": "unknown",
      "description": "",
      "files": [],
      "complexity_indicators": {
        "cognitive_load": 0,
        "visual_dependency": 0,
        "language_complexity": 0,
        "workflow_complexity": 0
      },
      "technologies": [],
      "documentation": [],
      "estimated_size": "medium",
      "last_modified": "2025-06-08T17:25:57.342326",
      "file_count": 40,
      "total_lines": 7677
    },
    {
      "name": "scripts",
      "path": "/home/runner/workspace/scripts",
      "type": "unknown",
      "description": "",
      "files": [],
      "complexity_indicators": {
        "cognitive_load": 0,
        "visual_dependency": 0,
        "language_complexity": 0,
        "workflow_complexity": 0
      },
      "technologies": [],
      "documentation": [],
      "estimated_size": "small",
      "last_modified": "2025-04-12T17:21:15.135441",
      "file_count": 3,
      "total_lines": 595
    },
    {
      "name": "data",
      "path": "/home/runner/workspace/data",
      "type": "unknown",
      "description": "",
      "files": [],
      "complexity_indicators": {
        "cognitive_load": 0,
        "visual_dependency": 0,
        "language_complexity": 0,
        "workflow_complexity": 0
      },
      "technologies": [],
      "documentation": [],
      "estimated_size": "small",
      "last_modified": "2025-04-13T15:37:36.661783",
      "file_count": 2,
      "total_lines": 2
    },
    {
      "name": "generator-pinkys-ai-os",
      "path": "/home/runner/workspace/generators",
      "type": "documentation",
      "description": "This is a [Yeoman](https://yeoman.io/) generator for quickly scaffolding components for Pinky's AI OS. The following generator templates are available: 1. **API Endpoint** - Creates a new API endpoint with basic CRUD operations and access control.",
      "files": [],
      "complexity_indicators": {
        "cognitive_load": 0,
        "visual_dependency": 0,
        "language_complexity": 0,
        "workflow_complexity": 0
      },
      "technologies": [
        "nodejs",
        "chalk",
        "yeoman-generator",
        "yosay",
        "documentation"
      ],
      "documentation": [
        {
          "file": "README.md",
          "type": "readme"
        }
      ],
      "estimated_size": "small",
      "last_modified": "2025-04-11T19:26:18.264391",
      "file_count": 9,
      "total_lines": 979
    },
    {
      "name": "python-worker",
      "path": "/home/runner/workspace/python-worker",
      "type": "python",
      "description": "",
      "files": [],
      "complexity_indicators": {
        "cognitive_load": 0,
        "visual_dependency": 0,
        "language_complexity": 0,
        "workflow_complexity": 0
      },
      "technologies": [
        "python",
        "flask",
        "psycopg2-binary",
        "python-dotenv",
        "gunicorn",
        "openai",
        "transformers",
        "scikit-learn",
        "pandas",
        "nltk",
        "numpy"
      ],
      "documentation": [],
      "estimated_size": "medium",
      "last_modified": "2025-06-08T16:24:54.732659",
      "file_count": 9,
      "total_lines": 3213
    },
    {
      "name": "tests",
      "path": "/home/runner/workspace/tests",
      "type": "unknown",
      "description": "",
      "files": [],
      "complexity_indicators": {
        "cognitive_load": 0,
        "visual_dependency": 0,
        "language_complexity": 0,
        "workflow_complexity": 0
      },
      "technologies": [],
      "documentation": [],
      "estimated_size": "small",
      "last_modified": "2025-04-13T03:42:50.344277",
      "file_count": 7,
      "total_lines": 1170
    },
    {
      "name": "uploads",
      "path": "/home/runner/workspace/uploads",
      "type": "unknown",
      "description": "",
      "files": [],
      "complexity_indicators": {
        "cognitive_load": 0,
        "visual_dependency": 0,
        "language_complexity": 0,
        "workflow_complexity": 0
      },
      "technologies": [],
      "documentation": [],
      "estimated_size": "small",
      "last_modified": "2025-04-13T15:37:36.655783",
      "file_count": 0,
      "total_lines": 0
    },
    {
      "name": "public",
      "path": "/home/runner/workspace/public",
      "type": "unknown",
      "description": "",
      "files": [],
      "complexity_indicators": {
        "cognitive_load": 0,
        "visual_dependency": 0,
        "language_complexity": 0,
        "workflow_complexity": 0
      },
      "technologies": [],
      "documentation": [],
      "estimated_size": "small",
      "last_modified": "2025-04-14T12:55:32.824634",
      "file_count": 0,
      "total_lines": 0
    }
  ],
  "complexity_report": {
    "summary": "Analyzed 12 projects for Deaf-first cognitive complexity",
    "total_projects": 12,
    "average_complexity": {
      "cognitive_load": 0.0,
      "visual_dependency": 0.0,
      "language_complexity": 0.0,
      "workflow_complexity": 0.0
    },
    "size_distribution": {
      "small": 8,
      "medium": 2,
      "large": 2
    },
    "top_technologies": [
      [
        "nodejs",
        1
      ],
      [
        "chalk",
        1
      ],
      [
        "yeoman-generator",
        1
      ],
      [
        "yosay",
        1
      ],
      [
        "documentation",
        1
      ],
      [
        "python",
        1
      ],
      [
        "flask",
        1
      ],
      [
        "psycopg2-binary",
        1
      ],
      [
        "python-dotenv",
        1
      ],
      [
        "gunicorn",
        1
      ]
    ],
    "recommendations": [],
    "high_complexity_projects": []
  }
}