Risk Factor,Impact,Best Practices & Solutions
Smart Contract Vulnerabilities,Can lead to hacks and financial losses in dApps and DeFi protocols,"Regular security audits, formal verification, and bug bounty programs"
Comprehensive Audits & Secure Coding Practices,Essential for preventing exploits in smart contracts before deployment,"Follow OWASP guidelines, conduct secure peer reviews, implement automated testing"
Access Control Exploits,"78% of hacks in 2024 were access control-related, leading to unauthorized breaches","Use role-based access control (RBAC), principle of least privilege (PoLP)"
Phishing & Social Engineering,"Ethereum saw 84% of phishing victims in January 2025, causing significant fraud","Educate users, implement anti-phishing tools, and enhance fraud detection"
Identity Verification Challenges,Pseudonymous nature makes it difficult to establish trust and credibility,"Adopt decentralized identity (DID) solutions, integrate verifiable credentials"
Multi-Factor Authentication (MFA),Adds an extra security layer to prevent unauthorized access,"Require MFA for logins, sensitive transactions, and admin-level changes"
Lack of User Learning Management,"Users struggle to understand Web3 risks, increasing vulnerability",Develop a learning management system (LMS) to educate users about risks
Lack of Transparency,Lack of open data and accountability erodes trust in decentralized systems,"Implement transparent governance models, provide real-time security reports"
