Security Measure,Implementation Steps,Priority Level
Smart Contract Audits,Conduct security audits with third-party firms before deployment,High
Formal Verification,Use automated tools for mathematical proof of contract security,High
Bug Bounty Program,Set up a bug bounty program to incentivize security researchers,Medium
Access Control Policies,Define clear permissions for admin and user access,High
Role-Based Access Control (RBAC),Enforce RBAC to limit access based on user roles,High
Multi-Factor Authentication (MFA),Enable MFA for logins and high-value transactions,High
Phishing Protection Measures,Deploy anti-phishing tools and educate users on scams,High
Decentralized Identity (DID) Integration,Implement DID solutions to enhance user trust,Medium
Transparent Governance Model,Adopt decentralized governance with transparent reporting,Medium
Learning Management System (LMS) for User Education,"Develop a knowledge base, security modules, and onboarding guides",Medium
